customer_id,name,email,location,signup_date
1,Allison Hill,donaldgarcia@example.net,New Roberttown,2023-09-23
2,Jonathan Johnson,jennifermiles@example.com,South Bridget,2025-04-01
3,Olivia Moore,jpeterson@example.org,Curtisfurt,2023-09-26
4,Gregory Baker,blairamanda@example.com,New Kellystad,2024-10-03
5,Benjamin Stanley,tracie31@example.com,Shawnstad,2023-11-16
6,Daniel Adams,lynchgeorge@example.net,East Steven,2024-02-07
7,Margaret Hawkins DDS,perezantonio@example.com,Adamsborough,2025-06-21
8,Sherri Edwards,pfoster@example.com,West Donald,2025-02-10
9,Deborah Richards,icox@example.net,Daviston,2025-05-11
10,Mark Conner,ycarlson@example.com,Riceside,2025-05-11
11,Melanie Wilson,kayla51@example.com,Mooretown,2025-01-23
12,Deborah Mason,williamrodriguez@example.net,Meaganhaven,2024-10-28
13,James Martin,georgetracy@example.org,Natashaport,2024-01-14
14,Shawn Arroyo,dennislisa@example.net,East Donna,2024-09-12
15,Joseph Obrien,sarahcampos@example.net,Lake Larry,2024-12-15
16,Jessica Holmes,wrightcaleb@example.org,New Jeffrey,2023-09-06
17,Amy Jones,heathchad@example.org,Elizabethborough,2024-09-03
18,Timothy Duncan,esanchez@example.com,North Collin,2024-06-11
19,Jason Shields,nuneztracey@example.org,South Jessicaville,2024-01-22
20,Joshua Taylor,joshuawright@example.org,Mortonside,2023-09-27
21,Zachary Huff,housemelinda@example.org,Tuckerborough,2025-05-14
22,Anthony Gray,ybaker@example.com,Rodneyside,2024-12-08
23,Brittney Phillips,rileyamy@example.net,Brianshire,2024-07-17
24,Sarah Moore,yorkcasey@example.org,South David,2025-06-03
25,Lauren Williams,barnesbrandy@example.net,Sarahborough,2024-12-14
26,Cynthia Foster,stephen10@example.com,North Amandahaven,2024-02-03
27,Gregory Jones,mikemoore@example.net,Cherylhaven,2023-07-19
28,Kristen Huynh,mcmillandennis@example.org,Lake Angelaview,2024-02-16
29,Michelle Harris,william40@example.org,Calderonton,2023-07-15
30,Carlos Whitney,joycearnold@example.com,North Charlesberg,2024-09-08
31,Jacob Tran,tanderson@example.com,West Jasonbury,2024-12-12
32,Richard Henson,vdickson@example.org,Port Francisco,2025-03-25
33,Sierra Johnson,kimberly63@example.com,Port Jacqueline,2024-05-05
34,Shannon Walker,ybailey@example.org,North Donna,2024-05-17
35,Sean Rasmussen,michael86@example.net,Sheilaville,2025-05-24
36,Cassandra Estes,benjamin96@example.com,Samuelhaven,2023-10-10
37,Kenneth Scott,zsmith@example.net,West Ryan,2024-12-09
38,Lisa Alvarado,cortezkevin@example.com,Nguyenport,2024-09-15
39,Jason Bentley,christinaturner@example.net,West Justinchester,2025-03-14
40,Mary Marshall,glowe@example.com,Lake Christopher,2024-08-16
41,Lisa Davis,emilywalker@example.org,North Brandon,2024-07-16
42,Patricia Gibson,jennifercruz@example.com,East Diana,2023-07-17
43,Shannon Mcclure,zrobinson@example.net,Williamsbury,2025-06-24
44,Joyce Solis,stephanie79@example.net,Rivasside,2024-06-23
45,Natasha Wells,karen48@example.com,West Scott,2025-01-17
46,Devon Flores,taylorjesse@example.net,Lake Jason,2024-05-30
47,Joshua Perry,marissaprice@example.net,Port Nicoleshire,2024-05-03
48,Tommy Evans,acastaneda@example.net,South Jeffrey,2024-06-15
49,Mr. Michael Yates,marycalhoun@example.net,South Brittanytown,2023-09-16
50,Brandy Murray,greenmark@example.com,Matthewfurt,2024-02-14
51,Sandra King,ruizkaitlyn@example.org,Jeffreyland,2025-03-10
52,Amanda Johnson,jamessmith@example.org,East Thomas,2023-10-09
53,Claudia Lyons,gary91@example.org,Danieltown,2025-07-03
54,Michael Rubio,mdavid@example.org,North Heidi,2024-03-03
55,Lindsay Martinez,reedross@example.com,New Deborahtown,2025-05-02
56,John Hamilton,cynthia72@example.com,Lake Aimee,2024-11-29
57,Robert Medina,umarshall@example.net,Marcusbury,2025-04-18
58,Diana Hayes,qhudson@example.com,Anthonymouth,2023-12-01
59,Mr. David Ramirez,angela83@example.org,Lake Richard,2024-09-16
60,Melissa Brewer,bwest@example.org,Jeffreybury,2024-03-06
61,Jackie Tran,ronald85@example.com,Nelsonview,2024-01-08
62,Corey Wilson,jamesrodgers@example.com,Tinaborough,2024-02-28
63,Christopher Smith,joshuamccann@example.net,Heidiberg,2024-11-19
64,Katherine Salas,taylor75@example.org,West Shelleyfort,2023-10-09
65,Jennifer Jones,hernandezlisa@example.com,East Davidchester,2024-10-25
66,Lisa Rowe,chayes@example.com,Torreston,2024-10-28
67,Annette Farmer,josephmiller@example.org,New Charles,2023-07-15
68,Michael Harrison,halljasmine@example.net,Jonesbury,2025-06-29
69,Rick Lawrence,ronaldstephens@example.net,West Margaret,2023-09-06
70,Ricky Larson,scott74@example.net,Benderhaven,2024-09-04
71,Bobby Williams MD,cassandra01@example.org,Port Emilyview,2024-10-02
72,Peter Ruiz,lmoon@example.net,Waltersfort,2023-09-21
73,Jason Morris,hodgemark@example.net,Robertsfurt,2025-04-04
74,Amanda Miller,marcus68@example.org,Gutierrezborough,2024-08-18
75,Peter Garrett,harrisandrea@example.com,Gilmorefort,2023-10-15
76,Mark Lloyd,lancesmith@example.com,East Victoriaville,2024-07-05
77,Maria Moore,william46@example.com,Sanchezside,2023-11-02
78,Thomas Romero,michellehill@example.com,Sarahhaven,2024-02-05
79,Diane Evans,cgrimes@example.net,Reedside,2025-02-24
80,Jordan Morris,tinaallen@example.com,Port Kimberly,2023-08-15
81,John Mcintyre,qhughes@example.net,South Tammie,2023-10-19
82,Leslie Kane,dgarcia@example.org,South Monica,2023-11-09
83,Richard Baker,vsantos@example.net,Finleyfort,2025-05-20
84,Lisa Young,wendy16@example.org,South Garrettport,2025-06-13
85,Frederick Brown,nicholas23@example.net,Knightburgh,2023-11-22
86,Leon Reyes,tyleraguilar@example.org,Littlemouth,2024-01-27
87,Stephanie Marshall,erica21@example.com,Vanessaport,2024-11-20
88,Melissa Bryant,james67@example.org,South Ashley,2024-10-01
89,Michael Johnson,khill@example.net,New Julieport,2025-03-06
90,Lisa Gomez,christinebyrd@example.net,Lake Colton,2024-11-11
91,Ellen Alexander,jessica14@example.com,Thompsonberg,2025-03-14
92,Valerie Schmidt,maria47@example.com,Lindamouth,2023-09-09
93,Vincent Dalton,zcoffey@example.net,Christopherfurt,2023-07-23
94,Caleb Richardson,brenda51@example.net,South Angel,2025-05-29
95,Erin Bishop,reidsteven@example.net,Debraville,2023-10-29
96,Andrew Ferrell,davispaige@example.org,Chavezside,2024-06-02
97,Molly Mcclure,basschristina@example.com,Lake Mitchellmouth,2024-06-22
98,Savannah Garcia,amy50@example.com,Jamesville,2025-05-01
99,Anna Lewis,williamsmatthew@example.org,North Maria,2024-09-15
100,Daniel Kane,kim90@example.com,East Amber,2025-03-24
